{
    "soma[0]": {
        "index": 0,
        "name": "soma[0]",
        "neuron_section_id": 0,
        "nseg": 1,
        "xstart": [
            0
        ],
        "xend": [
            0
        ],
        "xcenter": [
            0
        ],
        "xdirection": [
            0
        ],
        "ystart": [
            -19.855716705322266
        ],
        "yend": [
            19.855716705322266
        ],
        "ycenter": [
            0
        ],
        "ydirection": [
            39.71143341064453
        ],
        "zstart": [
            0
        ],
        "zend": [
            0
        ],
        "zcenter": [
            0
        ],
        "zdirection": [
            0
        ],
        "segx": [
            0.5
        ],
        "diam": [
            41.3660774230957
        ],
        "length": [
            39.71143341064453
        ],
        "distance": [
            39.71143341064453
        ],
        "distance_from_soma": 0,
        "sec_length": 39.71143341064453,
        "neuron_segments_offset": [
            0,
            0.5,
            1
        ],
        "segment_distance_from_soma": [
            19.855716705322266
        ]
    },
    "axon[0]": {
        "index": 1,
        "name": "axon[0]",
        "neuron_section_id": 1,
        "nseg": 3,
        "xstart": [
            -27.301610946655273,
            -40.634944915771484,
            -53.968278884887695
        ],
        "xend": [
            -40.634944915771484,
            -53.968278884887695,
            -67.3016128540039
        ],
        "xcenter": [
            -33.96827793121338,
            -47.30161190032959,
            -60.6349458694458
        ],
        "xdirection": [
            -13.333333969116211,
            -13.333333969116211,
            -13.333333969116211
        ],
        "ystart": [
            1.2663138326287054e-15,
            1.2663138326287054e-15,
            1.2663138326287054e-15
        ],
        "yend": [
            1.2663138326287054e-15,
            1.2663138326287054e-15,
            1.2663138326287054e-15
        ],
        "ycenter": [
            1.2663138326287054e-15,
            1.2663138326287054e-15,
            1.2663138326287054e-15
        ],
        "ydirection": [
            0,
            0,
            0
        ],
        "zstart": [
            0,
            0,
            0
        ],
        "zend": [
            0,
            0,
            0
        ],
        "zcenter": [
            0,
            0,
            0
        ],
        "zdirection": [
            0,
            0,
            0
        ],
        "segx": [
            0.16666666666666666,
            0.5,
            0.8333333333333334
        ],
        "diam": [
            2,
            2,
            1.9999999999999998
        ],
        "length": [
            13.333333333333334,
            13.333333333333334,
            13.333333333333334
        ],
        "distance": [
            13.333333969116211,
            13.333333969116211,
            13.333333969116211
        ],
        "distance_from_soma": 19.855716705322266,
        "sec_length": 40,
        "neuron_segments_offset": [
            0,
            0.16666666666666666,
            0.5,
            0.8333333333333334,
            1
        ],
        "segment_distance_from_soma": [
            26.52238337198893,
            39.855716705322266,
            53.1890500386556
        ]
    }
}